<?xml version="1.0"?>
<module>
<name>Ivr</name>
<label>IVR</label>
<parent>Tools</parent>
<version>1.0</version>
<dependencies>
       <vtiger_version>7.1.0</vtiger_version>
       <vtiger_max_version>7.*</vtiger_max_version>
   </dependencies>
  <license>
    <inline><![CDATA[***************************************************************************************************************************
 *  Module              : IVR
 *  Version             : 1.0
 *  Vtiger              : 7.1.0
 *  Author              : astCRM Systems Pvt. Ltd
 ****************************************************************************************************************************
]]></inline>
  </license>
	<tables>
		<table>
			<name>vtiger_ivr</name>
			<sql><![CDATA[CREATE TABLE `vtiger_ivr` (
    `ivrid` int(11) NOT NULL,
    `ivr_name` varchar(255) DEFAULT NULL,
    `ivr_no` VARCHAR(255) DEFAULT NULL,
    `ivr_flow` TEXT DEFAULT NULL,
      PRIMARY KEY (`ivrid`)
  ) ENGINE=InnoDB DEFAULT CHARSET=utf8]]></sql>
		</table>
		<table>
			<name>vtiger_ivrcf</name>
			<sql><![CDATA[CREATE TABLE `vtiger_ivrcf` (
  `ivrid` int(11) NOT NULL,
  PRIMARY KEY (`ivrid`)
) ENGINE=InnoDB DEFAULT CHARSET=utf8]]></sql>
		</table>
<table>
			<name>vtiger_ivr_user_field</name>
			<sql><![CDATA[CREATE TABLE `vtiger_ivr_user_field` (
  `recordid` int(25) NOT NULL,
  `userid` int(25) NOT NULL,
  `starred` varchar(100) DEFAULT NULL
) ENGINE=InnoDB DEFAULT CHARSET=utf8]]></sql>
		</table>
	</tables>
<blocks>
<block>
<label>IVR Information</label>
<sequence>1</sequence>
<show_title>0</show_title>
<visible>0</visible>
<create_view>0</create_view>
<edit_view>0</edit_view>
<detail_view>0</detail_view>
<display_status>0</display_status>
<iscustom>0</iscustom>
<islist>0</islist>
<fields>
<field>
<fieldname>ivr_name</fieldname>
<uitype>1</uitype>
<columnname>ivr_name</columnname>
<columntype>VARCHAR(255)</columntype>
<tablename>vtiger_ivr</tablename>
<generatedtype>1</generatedtype>
<fieldlabel>IVR Name</fieldlabel>
<readonly>1</readonly>
<presence>2</presence>
<sequence>1</sequence>
<maximumlength>255</maximumlength>
<typeofdata>V~O</typeofdata>
<quickcreate>0</quickcreate>
<quickcreatesequence></quickcreatesequence>
<displaytype>1</displaytype>
<info_type>BAS</info_type>
<helpinfo><![CDATA[]]></helpinfo>
<masseditable>0</masseditable>
<entityidentifier>
<fieldname>ivr_name</fieldname>
<entityidfield>ivrid</entityidfield>
<entityidcolumn>ivrid</entityidcolumn>
</entityidentifier>
</field>
<field>
<fieldname>ivr_no</fieldname>
<uitype>4</uitype>
<columnname>ivr_no</columnname>
<columntype>VARCHAR(100)</columntype>
<tablename>vtiger_ivr</tablename>
<generatedtype>1</generatedtype>
<fieldlabel>IVR No</fieldlabel>
<readonly>1</readonly>
<presence>2</presence>
<sequence>2</sequence>
<maximumlength>100</maximumlength>
<typeofdata>V~O</typeofdata>
<quickcreate>0</quickcreate>
<quickcreatesequence></quickcreatesequence>
<displaytype>1</displaytype>
<info_type>BAS</info_type>
<helpinfo><![CDATA[]]></helpinfo>
<masseditable>0</masseditable>
<summaryfield>1</summaryfield>
</field>
<field>
<fieldname>assigned_user_id</fieldname>
<uitype>53</uitype>
<columnname>smownerid</columnname>
<columntype>INT(19)</columntype>
<tablename>vtiger_crmentity</tablename>
<generatedtype>1</generatedtype>
<fieldlabel>Assigned To</fieldlabel>
<readonly>1</readonly>
<presence>2</presence>
<defaultvalue></defaultvalue>
<sequence>3</sequence>
<maximumlength>100</maximumlength>
<typeofdata>V~M</typeofdata>
<quickcreate>0</quickcreate>
<quickcreatesequence></quickcreatesequence>
<displaytype>1</displaytype>
<info_type>BAS</info_type>
<helpinfo><![CDATA[]]></helpinfo>
<masseditable>1</masseditable>
</field>
</fields>
</block>
<block>
<label>Flow Informaton</label>
<sequence>2</sequence>
<fields>
<field>
<fieldname>ivr_flow</fieldname>
<uitype>19</uitype>
<columnname>ivr_flow</columnname>
<columntype>TEXT</columntype>
<tablename>vtiger_ivr</tablename>
<generatedtype>1</generatedtype>
<fieldlabel>Flow</fieldlabel>
<readonly>1</readonly>
<presence>2</presence>
<defaultvalue></defaultvalue>
<sequence>4</sequence>
<maximumlength>100</maximumlength>
<typeofdata>V~O</typeofdata>
<quickcreate>1</quickcreate>
<quickcreatesequence></quickcreatesequence>
<displaytype>1</displaytype>
<info_type>BAS</info_type>
<helpinfo><![CDATA[]]></helpinfo>
<masseditable>0</masseditable>
</field>
 <field>
          <fieldname>createdtime</fieldname>
          <uitype>70</uitype>
          <columnname>createdtime</columnname>
          <tablename>vtiger_crmentity</tablename>
          <generatedtype>1</generatedtype>
          <fieldlabel>Created Time</fieldlabel>
          <readonly>1</readonly>
          <presence>2</presence>
          <defaultvalue></defaultvalue>
          <sequence>12</sequence>
          <maximumlength>100</maximumlength>
          <typeofdata>T~O</typeofdata>
          <quickcreate>1</quickcreate>
          <quickcreatesequence></quickcreatesequence>
          <displaytype>2</displaytype>
          <info_type>BAS</info_type>
          <masseditable>1</masseditable>
        </field>
        <field>
          <fieldname>modifiedtime</fieldname>
          <uitype>70</uitype>
          <columnname>modifiedtime</columnname>
          <tablename>vtiger_crmentity</tablename>
          <generatedtype>1</generatedtype>
          <fieldlabel>Modified Time</fieldlabel>
          <readonly>1</readonly>
          <presence>2</presence>
          <defaultvalue></defaultvalue>
          <sequence>13</sequence>
          <maximumlength>100</maximumlength>
          <typeofdata>T~O</typeofdata>
          <quickcreate>1</quickcreate>
          <quickcreatesequence></quickcreatesequence>
          <displaytype>2</displaytype>
          <info_type>BAS</info_type>
          <masseditable>1</masseditable>
        </field>
</fields>
</block>
</blocks>
<customviews>
<customview>
<viewname>All</viewname>
<setdefault>true</setdefault>
<setmetrics>false</setmetrics>
<fields>
<field>
<fieldname>ivr_no</fieldname>
<columnindex>1</columnindex>
</field>
<field>
<fieldname>ivr_name</fieldname>
<columnindex>2</columnindex>
</field>
</fields>
</customview>
</customviews>
<sharingaccess>
<default>public_readwritedelete</default>
</sharingaccess>
<actions>
<action>
<name><![CDATA[Import]]></name>
<status>enabled</status>
</action>
<action>
<name><![CDATA[Export]]></name>
<status>enabled</status>
</action>
<action>
<name><![CDATA[Merge]]></name>
<status>enabled</status>
</action>
</actions>
<crons>
</crons>
</module>
